{"cameraMode":{"drawMode":0,"name":"Shaded","section":"Shading Mode"},"sceneLighting":true,"audioPlay":false,"sceneViewState":{"showFog":true,"showMaterialUpdate":false,"showSkybox":true,"showFlares":true,"showImageEffects":true,"showParticleSystems":true},"in2DMode":false,"pivot":{"x":6.509598731994629,"y":0.03014453873038292,"z":-1.7799999713897706},"rotation":{"x":-0.15605662763118745,"y":0.1773429661989212,"z":-0.028493758291006089,"w":-0.9712798595428467},"size":12.091119766235352,"orthographic":false}